1213330173736738817	2020-01-04	05:23:50	en	NULL	0.21666666666666667	0.45
1213330173736738817	2020-01-04	05:23:50	en	NULL	0.21666666666666667	0.45
1214195710301618178	2020-01-06	14:43:10	en	NULL	nan	nan
1214198629553950721	2020-01-06	14:54:46	en	NULL	-0.12121212121212122	0.48484848484848486
1214917256414662656	2020-01-08	14:30:20	en	NULL	0.0	0.0
1214936881563082752	2020-01-08	15:48:19	en	NULL	nan	nan
1214978895914684418	2020-01-08	18:35:16	en	NULL	0.13636363636363635	0.45454545454545453
1215028015438192640	2020-01-08	21:50:27	en	NULL	0.0909090909090909	0.3446969696969697
1215081761249615872	2020-01-09	01:24:01	en	NULL	nan	nan
1215110626411978753	2020-01-09	03:18:43	en	NULL	nan	nan
1215112006363009024	2020-01-09	03:24:12	en	NULL	0.0	0.0
1215114820749594626	2020-01-09	03:35:23	en	NULL	nan	nan
1215211709142577152	2020-01-09	10:00:23	en	NULL	0.06818181818181818	0.22727272727272727
1215221343479726081	2020-01-09	10:38:40	en	NULL	-0.05	0.5
1215279149377560576	2020-01-09	14:28:22	en	NULL	0.04545454545454545	0.48484848484848486
1215359721953165319	2020-01-09	19:48:32	en	NULL	nan	nan
1215366806120140809	2020-01-09	20:16:41	en	NULL	-0.625	1.0
1215381385533411333	2020-01-09	21:14:37	en	NULL	0.13636363636363635	0.45454545454545453
1215402646447804416	2020-01-09	22:39:06	en	NULL	0.0	0.0
1215625674376937473	2020-01-10	13:25:20	en	NULL	0.0	0.0
1215697640266047488	2020-01-10	18:11:18	en	NULL	nan	nan
1215729105934548993	2020-01-10	20:16:20	en	NULL	0.02323232323232323	0.28484848484848485
1215767181788622852	2020-01-10	22:47:38	en	NULL	-0.5	1.0
1215803173149052928	2020-01-11	01:10:39	en	NULL	0.13636363636363635	0.45454545454545453
1215835658020888576	2020-01-11	03:19:44	en	NULL	-0.23333333333333336	0.65
1215891731666726919	2020-01-11	07:02:33	en	NULL	nan	nan
1215908513064607745	2020-01-11	08:09:14	en	NULL	0.13636363636363635	0.45454545454545453
1215986694907928576	2020-01-11	13:19:54	en	NULL	nan	nan
1215996832515530752	2020-01-11	14:00:11	en	NULL	0.19318181818181818	0.3939393939393939
1216022078064943104	2020-01-11	15:40:30	en	NULL	nan	nan
1216110867273699329	2020-01-11	21:33:19	en	NULL	0.0	0.0
1216128793737342976	2020-01-11	22:44:33	en	NULL	-0.03181818181818183	0.42727272727272725
1216310709086310400	2020-01-12	10:47:25	en	NULL	0.13636363636363635	0.45454545454545453
1216385992652967939	2020-01-12	15:46:34	en	NULL	0.0	0.0
1216504758569140225	2020-01-12	23:38:30	en	NULL	0.0	0.4
1216678528550408195	2020-01-13	11:09:00	en	NULL	0.0	0.0
1216766130783576064	2020-01-13	16:57:06	en	NULL	0.13636363636363635	0.45454545454545453
1216767481383137280	2020-01-13	17:02:28	en	NULL	0.22083333333333333	0.4000000000000001
1218172397058048000	2020-01-17	14:05:06	en	NULL	nan	nan
1218188058576719873	2020-01-17	15:07:20	en	NULL	0.06818181818181818	0.22727272727272727
1218196719797706754	2020-01-17	15:41:45	en	NULL	0.16666666666666666	0.7333333333333334
1218237698156179456	2020-01-17	18:24:35	en	NULL	0.06818181818181818	0.22727272727272727
1218237987571585024	2020-01-17	18:25:44	en	NULL	0.2	0.5
1218248632736067587	2020-01-17	19:08:02	en	NULL	0.0	0.0
1218258195736489984	2020-01-17	19:46:02	en	NULL	0.0	0.0
1218258883602288640	2020-01-17	19:48:46	en	NULL	0.0	0.0
1218262201280221191	2020-01-17	20:01:57	en	NULL	0.0	0.5
1218262717204717568	2020-01-17	20:04:00	en	NULL	0.13636363636363635	0.45454545454545453
1218263925151752192	2020-01-17	20:08:48	en	NULL	0.13636363636363635	0.45454545454545453
1218264642356531200	2020-01-17	20:11:39	en	NULL	0.13636363636363635	0.45454545454545453
1218265741268414464	2020-01-17	20:16:01	en	NULL	nan	nan
1218274385754251266	2020-01-17	20:50:22	en	NULL	0.0	0.0
1218278018025709568	2020-01-17	21:04:48	en	NULL	0.005681818181818177	0.4147727272727273
1218278097709125632	2020-01-17	21:05:07	en	NULL	0.26212121212121214	0.5959595959595959
1218285936850669569	2020-01-17	21:36:16	en	NULL	nan	nan
1218292119246376960	2020-01-17	22:00:50	en	NULL	0.0	0.0
1218316311987662849	2020-01-17	23:36:58	en	NULL	-0.5	1.0
1218326558672183297	2020-01-18	00:17:41	en	NULL	nan	nan
1218358536071188482	2020-01-18	02:24:45	en	NULL	nan	nan
1218392086287806466	2020-01-18	04:38:04	en	NULL	0.37878787878787873	0.48484848484848486
1218502568470548481	2020-01-18	11:57:05	en	NULL	0.0	0.0
1218528032069058560	2020-01-18	13:38:16	en	NULL	-0.3	0.4
1218576409179779078	2020-01-18	16:50:30	en	NULL	0.06818181818181818	0.22727272727272727
1218591491922071552	2020-01-18	17:50:26	en	NULL	nan	nan
1218593933007171585	2020-01-18	18:00:08	en	NULL	nan	nan
1218675830982877184	2020-01-18	23:25:34	en	NULL	nan	nan
1218700220856459265	2020-01-19	01:02:29	en	NULL	0.11818181818181818	0.37727272727272726
1218707103717609472	2020-01-19	01:29:50	en	NULL	nan	nan
1218750405674504192	2020-01-19	04:21:54	en	NULL	nan	nan
1219123157694590976	2020-01-20	05:03:05	en	NULL	0.4	1.0
1219130342541533185	2020-01-20	05:31:38	en	NULL	0.13636363636363635	0.45454545454545453
1219131449812500480	2020-01-20	05:36:02	en	NULL	0.13750000000000004	0.6666666666666666
1219150575834746881	2020-01-20	06:52:02	en	NULL	0.13636363636363635	0.45454545454545453
1219151720875548672	2020-01-20	06:56:35	en	NULL	0.13636363636363635	0.45454545454545453
1219152568150040577	2020-01-20	06:59:57	en	NULL	0.0	0.0
1219156540130766848	2020-01-20	07:15:44	en	NULL	0.13636363636363635	0.45454545454545453
1219164408653332480	2020-01-20	07:47:00	en	NULL	0.13636363636363635	0.45454545454545453
1219166556141211650	2020-01-20	07:55:32	en	NULL	0.13636363636363635	0.45454545454545453
1219169861261086720	2020-01-20	08:08:40	en	NULL	0.5	0.9
1219182712608763904	2020-01-20	08:59:44	en	NULL	nan	nan
1219192229463502848	2020-01-20	09:37:33	en	NULL	0.06818181818181818	0.22727272727272727
1219227482613846017	2020-01-20	11:57:38	en	NULL	0.0625	0.5
1219237020456886279	2020-01-20	12:35:32	en	NULL	0.13636363636363635	0.45454545454545453
1219247640430436353	2020-01-20	13:17:44	en	NULL	0.13636363636363635	0.45454545454545453
1219251750844030984	2020-01-20	13:34:04	en	NULL	0.0	1.0
1219273791903346688	2020-01-20	15:01:39	en	NULL	0.0	1.0
1219275134109802496	2020-01-20	15:06:59	en	NULL	0.0	1.0
1219278653101608960	2020-01-20	15:20:58	en	NULL	0.13636363636363635	0.45454545454545453
1219282373453471745	2020-01-20	15:35:45	en	NULL	0.06818181818181818	0.22727272727272727
1219284445431246850	2020-01-20	15:43:59	en	NULL	0.13636363636363635	0.45454545454545453
1219285263349952514	2020-01-20	15:47:14	en	NULL	nan	nan
1219290573317775360	2020-01-20	16:08:20	en	NULL	nan	nan
1219294750844440576	2020-01-20	16:24:56	en	NULL	0.0	0.0
1219300119578697728	2020-01-20	16:46:16	en	NULL	0.13636363636363635	0.45454545454545453
1219302371915898882	2020-01-20	16:55:13	en	NULL	0.13636363636363635	0.45454545454545453
1219303965721935872	2020-01-20	17:01:33	en	NULL	0.13636363636363635	0.45454545454545453
1219304603289669637	2020-01-20	17:04:05	en	NULL	0.2681818181818182	0.7272727272727273
1219304674597265409	2020-01-20	17:04:22	en	NULL	nan	nan
1219308709517709312	2020-01-20	17:20:24	en	NULL	0.0625	0.5
1219309217015717888	2020-01-20	17:22:25	en	NULL	0.0	0.06666666666666667
1219311960086306816	2020-01-20	17:33:19	en	NULL	0.0	0.0
1219312434059583490	2020-01-20	17:35:12	en	NULL	0.25	0.3333333333333333
1219322957547343873	2020-01-20	18:17:01	en	NULL	nan	nan
1219330612156346368	2020-01-20	18:47:26	en	NULL	nan	nan
1219332180805111808	2020-01-20	18:53:40	en	NULL	0.13636363636363635	0.45454545454545453
1219332281476710402	2020-01-20	18:54:04	en	NULL	0.0	0.0
1219334139561644032	2020-01-20	19:01:27	en	NULL	0.13636363636363635	0.45454545454545453
1219335821469343746	2020-01-20	19:08:08	en	NULL	0.13636363636363635	0.45454545454545453
1219341672552644608	2020-01-20	19:31:23	en	NULL	0.0	0.0
1219343450904170497	2020-01-20	19:38:27	en	NULL	0.0	0.0
1219343794845425672	2020-01-20	19:39:49	en	NULL	0.0	0.0
1219345262860230657	2020-01-20	19:45:39	en	NULL	0.0	0.0
1219345992660717569	2020-01-20	19:48:33	en	NULL	nan	nan
1219349423593050113	2020-01-20	20:02:11	en	NULL	0.5	0.5
1219351277483651072	2020-01-20	20:09:33	en	NULL	-0.015909090909090914	0.23863636363636365
1219351541724803072	2020-01-20	20:10:36	en	NULL	nan	nan
1219351583655415810	2020-01-20	20:10:46	en	NULL	nan	nan
1219354335131422727	2020-01-20	20:21:42	en	NULL	0.0	0.0
1219355081721643010	2020-01-20	20:24:40	en	NULL	0.0	0.0
1219365538134142979	2020-01-20	21:06:13	en	NULL	0.25	0.5
1219366196610576389	2020-01-20	21:08:50	en	NULL	0.0	0.0
1219366884484640768	2020-01-20	21:11:34	en	NULL	nan	nan
1219369099077267457	2020-01-20	21:20:22	en	NULL	0.2	0.55
1219369350752280578	2020-01-20	21:21:22	en	NULL	0.5	0.9
1219371158484725760	2020-01-20	21:28:33	en	NULL	0.0	0.0
1219374543275356160	2020-01-20	21:42:00	en	NULL	nan	nan
1219380155279462401	2020-01-20	22:04:18	en	NULL	nan	nan
1219380310447550465	2020-01-20	22:04:55	en	NULL	nan	nan
1219381992363569152	2020-01-20	22:11:36	en	NULL	0.0	0.0
1219382202095587328	2020-01-20	22:12:26	en	NULL	-0.06666666666666665	0.5333333333333333
1219387797305462785	2020-01-20	22:34:40	en	NULL	nan	nan
1219387939907502081	2020-01-20	22:35:14	en	NULL	-0.288961038961039	0.6558441558441558
1219392801114181633	2020-01-20	22:54:33	en	NULL	0.0	0.0
1219394260732203008	2020-01-20	23:00:21	en	NULL	0.4	1.0
1219396789872349185	2020-01-20	23:10:24	en	NULL	0.0	0.0
1219403182016647168	2020-01-20	23:35:48	en	NULL	0.13636363636363635	0.45454545454545453
1219404280924266496	2020-01-20	23:40:10	en	NULL	0.07878787878787878	0.6148484848484849
1219406705223774208	2020-01-20	23:49:48	en	NULL	nan	nan
1219407292405370881	2020-01-20	23:52:08	en	NULL	nan	nan
1219411943896895488	2020-01-21	00:10:37	en	NULL	0.5	0.5
1219416343709024256	2020-01-21	00:28:06	en	NULL	0.043181818181818175	0.4022727272727273
1219419019683475462	2020-01-21	00:38:44	en	NULL	0.0	0.0
1219425546016149504	2020-01-21	01:04:40	en	NULL	0.0	0.0
1219427588650622976	2020-01-21	01:12:47	en	NULL	-0.0625	0.4375
1219427659957977088	2020-01-21	01:13:04	en	NULL	nan	nan
1219430696638390272	2020-01-21	01:25:08	en	NULL	0.0	0.0
1219433456477917184	2020-01-21	01:36:06	en	NULL	0.4	1.0
1219433896871264256	2020-01-21	01:37:51	en	NULL	0.0	0.0
1219434291160989696	2020-01-21	01:39:25	en	NULL	0.0	0.0
1219440255465664512	2020-01-21	02:03:07	en	NULL	nan	nan
1219442780440858625	2020-01-21	02:13:09	en	NULL	0.0	0.0
1219447931029221376	2020-01-21	02:33:37	en	NULL	nan	nan
1219454876792623105	2020-01-21	03:01:13	en	NULL	nan	nan
1219458081245016064	2020-01-21	03:13:57	en	NULL	-0.03181818181818183	0.42727272727272725
1219459670886121472	2020-01-21	03:20:16	en	NULL	0.21212121212121213	0.3181818181818182
1219465245112049664	2020-01-21	03:42:25	en	NULL	0.2333333333333333	0.3666666666666667
1219465991685537795	2020-01-21	03:45:23	en	NULL	0.0	0.0
1219471410738782208	2020-01-21	04:06:55	en	NULL	nan	nan
1219471561725554690	2020-01-21	04:07:31	en	NULL	nan	nan
1219472153138982912	2020-01-21	04:09:52	en	NULL	0.0	0.0
1219478281004535808	2020-01-21	04:34:13	en	NULL	-0.1	0.4
1219481191868289025	2020-01-21	04:45:47	en	NULL	0.0	0.0
1219484815747141632	2020-01-21	05:00:11	en	NULL	-0.11666666666666668	0.3833333333333333
1219485868508901376	2020-01-21	05:04:22	en	NULL	nan	nan
1219486380218146816	2020-01-21	05:06:24	en	NULL	0.16666666666666666	0.3333333333333333
1219486841595842560	2020-01-21	05:08:14	en	NULL	nan	nan
1219487177131921408	2020-01-21	05:09:34	en	NULL	-0.025	0.0
1219488418666774528	2020-01-21	05:14:30	en	NULL	0.2	0.5
1219488770954678272	2020-01-21	05:15:54	en	NULL	nan	nan
1219489735673958400	2020-01-21	05:19:44	en	NULL	0.0	0.0
1219495926450081792	2020-01-21	05:44:20	en	NULL	0.0	0.0
1219498971531399168	2020-01-21	05:56:26	en	NULL	0.5	0.5
1219499541931732992	2020-01-21	05:58:42	en	NULL	0.0	0.0
1219499986523697154	2020-01-21	06:00:28	en	NULL	0.07878787878787878	0.6181818181818182
1219508215769157633	2020-01-21	06:33:10	en	NULL	-0.2	0.4
1219515736151842816	2020-01-21	07:03:03	en	NULL	0.0	0.0
1219517753595437057	2020-01-21	07:11:04	en	NULL	0.0625	0.5
1219528964995276801	2020-01-21	07:55:37	en	NULL	0.22727272727272727	0.5454545454545454
1219530630138073088	2020-01-21	08:02:14	en	NULL	nan	nan
1219531951335510021	2020-01-21	08:07:29	en	NULL	0.13636363636363635	0.45454545454545453
1219533222201020416	2020-01-21	08:12:32	en	NULL	nan	nan
1219535218698096641	2020-01-21	08:20:28	en	NULL	nan	nan
1219540474161135616	2020-01-21	08:41:21	en	NULL	0.13636363636363635	0.45454545454545453
1219543032665726978	2020-01-21	08:51:31	en	NULL	0.0	0.0
1219544051877367808	2020-01-21	08:55:34	en	NULL	0.13636363636363635	0.45454545454545453
1219544290969505792	2020-01-21	08:56:31	en	NULL	0.0	0.0
1219549491919048705	2020-01-21	09:17:11	en	NULL	0.26666666666666666	0.4666666666666666
1219550284633931776	2020-01-21	09:20:20	en	NULL	0.2	0.30000000000000004
1219551463216562178	2020-01-21	09:25:01	en	NULL	0.0	0.0
1219553103189442562	2020-01-21	09:31:32	en	NULL	0.0	0.0
1219553824613888000	2020-01-21	09:34:24	en	NULL	0.0	0.0
1219554063718551552	2020-01-21	09:35:21	en	NULL	0.0	0.0
1219557297514524672	2020-01-21	09:48:12	en	NULL	nan	nan
1219558522255372289	2020-01-21	09:53:04	en	NULL	0.16	0.5399999999999999
1219559298210193409	2020-01-21	09:56:09	en	NULL	0.22727272727272727	0.5454545454545454
1219575362377723905	2020-01-21	10:59:59	en	NULL	nan	nan
1219577392412479488	2020-01-21	11:08:03	en	NULL	0.21212121212121213	0.3181818181818182
1219579179173326848	2020-01-21	11:15:09	en	NULL	nan	nan
1219579414066761728	2020-01-21	11:16:05	en	NULL	nan	nan
1219579518932811776	2020-01-21	11:16:30	en	NULL	-0.2	0.4
1219580580070903808	2020-01-21	11:20:43	en	NULL	0.2333333333333333	0.3666666666666667
1219580596847964160	2020-01-21	11:20:47	en	AU	0.0	0.0
1219736587224985601	2020-01-21	21:40:38	en	NULL	0.0	0.0
1219744472520691718	2020-01-21	22:11:58	en	NULL	0.59375	0.5
1219745005184655360	2020-01-21	22:14:05	en	NULL	nan	nan
1219745147816116224	2020-01-21	22:14:39	en	NULL	0.06818181818181818	0.2606060606060606
1219745269446840320	2020-01-21	22:15:08	en	NULL	0.13636363636363635	0.45454545454545453
1219746494162591746	2020-01-21	22:20:00	en	NULL	0.25	0.3333333333333333
1219746745845858304	2020-01-21	22:21:00	en	NULL	nan	nan
1219747169453985793	2020-01-21	22:22:41	en	NULL	nan	nan
1219750218733957121	2020-01-21	22:34:48	en	NULL	0.16666666666666666	0.75
1219754337502711809	2020-01-21	22:51:10	en	NULL	nan	nan
1219754379474919424	2020-01-21	22:51:20	en	NULL	0.0	0.0
1219755608406097920	2020-01-21	22:56:13	en	NULL	0.06545454545454545	0.41151515151515156
1219758213073195009	2020-01-21	23:06:34	en	NULL	0.0	0.0
1219758301157765123	2020-01-21	23:06:55	en	NULL	nan	nan
1219758355649978368	2020-01-21	23:07:08	en	NULL	0.2681818181818182	0.7272727272727273
1219759165155020801	2020-01-21	23:10:21	en	NULL	-0.1714285714285714	0.7523809523809524
1219759609746882564	2020-01-21	23:12:07	en	NULL	0.325	0.6666666666666666
1219759827875840001	2020-01-21	23:12:59	en	US	0.17045454545454544	0.45454545454545453
1219760373143932930	2020-01-21	23:15:09	en	NULL	0.0	0.0
1219762268965130242	2020-01-21	23:22:41	en	NULL	0.25	0.3333333333333333
1219762478655033344	2020-01-21	23:23:31	en	NULL	-0.2	0.4
1219764257031622661	2020-01-21	23:30:35	en	NULL	nan	nan
1219764529686548481	2020-01-21	23:31:40	en	NULL	0.25	0.31111111111111106
1219765456615153668	2020-01-21	23:35:21	en	NULL	0.25	0.3333333333333333
1219766991751450625	2020-01-21	23:41:27	en	NULL	nan	nan
1219767687997468673	2020-01-21	23:44:13	en	NULL	nan	nan
1219767855757000708	2020-01-21	23:44:53	en	NULL	nan	nan
1219768531048370176	2020-01-21	23:47:34	en	NULL	0.2	0.2
1219768593950420993	2020-01-21	23:47:49	en	NULL	0.325	0.6666666666666666
1219769160198127616	2020-01-21	23:50:04	en	NULL	-0.1	0.2
1219771366393753605	2020-01-21	23:58:50	en	NULL	0.0	0.0
1219771412518326272	2020-01-21	23:59:01	en	NULL	nan	nan
1219771659986468864	2020-01-22	00:00:00	en	NULL	0.06818181818181818	0.4772727272727273
1219772020709302272	2020-01-22	00:01:26	en	NULL	0.0	0.0
1219772503066841088	2020-01-22	00:03:21	en	NULL	0.0	0.0
1219773178337210369	2020-01-22	00:06:02	en	NULL	0.0	0.0
1219773371266801665	2020-01-22	00:06:48	en	NULL	0.0	0.0
1219773383841157120	2020-01-22	00:06:51	en	TH	0.0	1.0
1219776009504985088	2020-01-22	00:17:17	en	NULL	0.03693181818181818	0.5085227272727273
1219778412820279297	2020-01-22	00:26:50	en	NULL	0.1333333333333334	0.7833333333333333
1219778811287367681	2020-01-22	00:28:25	en	NULL	0.0	0.0
1219778987427160064	2020-01-22	00:29:07	en	NULL	0.0	0.0
1219779000014397441	2020-01-22	00:29:10	en	NULL	nan	nan
1219779364914528257	2020-01-22	00:30:37	en	NULL	0.1	1.0
1219780413519872005	2020-01-22	00:34:47	en	NULL	0.25	0.3333333333333333
1219781294298750976	2020-01-22	00:38:17	en	US	0.43333333333333335	0.4666666666666667
1219781835363741696	2020-01-22	00:40:26	en	NULL	nan	nan
1219783517300822017	2020-01-22	00:47:07	en	NULL	0.0	0.0
1219784226112864256	2020-01-22	00:49:56	en	NULL	nan	nan
1219787086632574976	2020-01-22	01:01:18	en	NULL	0.0	0.0
1219788068095311872	2020-01-22	01:05:12	en	NULL	nan	nan
1219790832141664266	2020-01-22	01:16:11	en	NULL	nan	nan
1219791897503457281	2020-01-22	01:20:25	en	NULL	0.13636363636363635	0.45454545454545453
1219794326022238210	2020-01-22	01:30:04	en	NULL	0.0	0.0
1219794405709709312	2020-01-22	01:30:23	en	NULL	-0.4	0.6
1219794552527212549	2020-01-22	01:30:58	en	NULL	nan	nan
1219796511233658880	2020-01-22	01:38:45	en	NULL	nan	nan
1219797350123741185	2020-01-22	01:42:05	en	NULL	-0.2	0.4
1219800877516709888	2020-01-22	01:56:06	en	NULL	nan	nan
1219802169383063552	2020-01-22	02:01:14	en	NULL	-0.625	1.0
1219802345518829568	2020-01-22	02:01:56	en	NULL	nan	nan
1219802890786758659	2020-01-22	02:04:06	en	NULL	nan	nan
1219803192768311296	2020-01-22	02:05:18	en	NULL	0.0	0.0
1219805302528212993	2020-01-22	02:13:41	en	NULL	0.5	0.5
1219805843576840192	2020-01-22	02:15:50	en	NULL	0.0	0.0
1219806430766751745	2020-01-22	02:18:10	en	JM	0.0	0.0
1219807328364630016	2020-01-22	02:21:44	en	NULL	nan	nan
1219809501009862666	2020-01-22	02:30:22	en	NULL	nan	nan
1219810172102561792	2020-01-22	02:33:02	en	NULL	0.06818181818181818	0.22727272727272727
1219810222409121794	2020-01-22	02:33:14	en	NULL	-0.2	0.4
1219810797028806656	2020-01-22	02:35:31	en	NULL	0.2681818181818182	0.7272727272727273
1219810868361355264	2020-01-22	02:35:48	en	NULL	nan	nan
1219811128382877696	2020-01-22	02:36:50	en	NULL	0.3	0.48333333333333334
1219812990670667777	2020-01-22	02:44:14	en	NULL	0.0	0.0
1219812990674964480	2020-01-22	02:44:14	en	NULL	0.0	0.0
1219813049407696896	2020-01-22	02:44:28	en	NULL	nan	nan
1219813493966286849	2020-01-22	02:46:14	en	NULL	0.0	0.0
1219813644998864896	2020-01-22	02:46:50	en	NULL	0.0	0.0
1219813691102760961	2020-01-22	02:47:01	en	NULL	-0.2	0.4
1219813766596112385	2020-01-22	02:47:19	en	NULL	-0.12121212121212122	0.43333333333333335
1219814995552350208	2020-01-22	02:52:12	en	NULL	0.0	0.0
1219815276574920704	2020-01-22	02:53:19	en	NULL	0.0	0.0
1219815595312443392	2020-01-22	02:54:35	en	NULL	0.0	0.0
1219815943439704064	2020-01-22	02:55:58	en	NULL	0.25	0.25
1219816899778883584	2020-01-22	02:59:46	en	NULL	-0.4	0.6
1219817767987306497	2020-01-22	03:03:13	en	NULL	0.06818181818181818	0.22727272727272727
1219818787190370310	2020-01-22	03:07:16	en	NULL	0.0	1.0
1219819294701342721	2020-01-22	03:09:17	en	NULL	0.05	0.35
1219823296079978496	2020-01-22	03:25:11	en	NULL	0.1	1.0
1219823648409903105	2020-01-22	03:26:35	en	NULL	0.0	0.0
1219823711324270593	2020-01-22	03:26:50	en	NULL	0.0	0.1
1219823900055363585	2020-01-22	03:27:35	en	NULL	nan	nan
1219826102052573184	2020-01-22	03:36:20	en	NULL	nan	nan
1219826294990393344	2020-01-22	03:37:06	en	NULL	0.2	0.2
1219826794104336384	2020-01-22	03:39:05	en	NULL	nan	nan
1219826819290914819	2020-01-22	03:39:11	en	NULL	0.2681818181818182	0.7272727272727273
1219827146450964481	2020-01-22	03:40:29	en	NULL	-0.5	1.0
1219827167401398272	2020-01-22	03:40:34	en	NULL	nan	nan
1219827704306061312	2020-01-22	03:42:42	en	NULL	nan	nan
1219828165641555968	2020-01-22	03:44:32	en	NULL	0.0	1.0
1219829629483208707	2020-01-22	03:50:21	en	NULL	0.25	0.3333333333333333
1219830103426895872	2020-01-22	03:52:14	en	NULL	0.12857142857142856	0.3357142857142857
1219830254405062657	2020-01-22	03:52:50	en	NULL	-0.2	0.4
1219832766793076736	2020-01-22	04:02:49	en	NULL	nan	nan
1219833588910194688	2020-01-22	04:06:05	en	NULL	0.0	0.0
1219834415154716677	2020-01-22	04:09:22	en	NULL	nan	nan
1219836264859357185	2020-01-22	04:16:43	en	NULL	0.0	0.0
1219836889827442695	2020-01-22	04:19:12	en	NULL	-0.7142857142857143	0.8571428571428571
1219839385430044672	2020-01-22	04:29:07	en	NULL	nan	nan
1219840052332810240	2020-01-22	04:31:46	en	NULL	0.25	0.27777777777777773
1219842036226056192	2020-01-22	04:39:39	en	NULL	0.0	0.0
1219842317227560960	2020-01-22	04:40:46	en	NULL	nan	nan
1219844724774797312	2020-01-22	04:50:20	en	NULL	0.0	0.0
1219846419265347584	2020-01-22	04:57:04	en	NULL	0.325	0.6666666666666666
1219847497213992960	2020-01-22	05:01:21	en	NULL	nan	nan
1219848000509366272	2020-01-22	05:03:21	en	NULL	nan	nan
1219849233647489024	2020-01-22	05:08:15	en	NULL	nan	nan
1219849829251043328	2020-01-22	05:10:37	en	NULL	nan	nan
1219850252859015168	2020-01-22	05:12:18	en	NULL	0.25	0.3333333333333333
1219850944914919425	2020-01-22	05:15:03	en	NULL	1.0	0.6000000000000001
1219853457324216321	2020-01-22	05:25:02	en	NULL	0.0	0.0
1219857748088762368	2020-01-22	05:42:05	en	NULL	0.13636363636363635	0.45454545454545453
1219858159113773056	2020-01-22	05:43:43	en	NULL	0.31666666666666665	0.3111111111111111
1219859182536364034	2020-01-22	05:47:47	en	NULL	0.25	0.3333333333333333
1219867646625075200	2020-01-22	06:21:25	en	NULL	nan	nan
1219868435158421504	2020-01-22	06:24:33	en	NULL	0.027777777777777766	0.7444444444444445
1219870335178346496	2020-01-22	06:32:06	en	NULL	0.13636363636363635	0.45454545454545453
1219874160383410176	2020-01-22	06:47:18	en	NULL	0.0	0.0
1219876744108208130	2020-01-22	06:57:34	en	NULL	nan	nan
1219878388250202112	2020-01-22	07:04:06	en	NULL	nan	nan
1219881550747176962	2020-01-22	07:16:40	en	NULL	0.19318181818181818	0.3939393939393939
1219882360277061633	2020-01-22	07:19:53	en	NULL	0.0	0.0
1219890300086341632	2020-01-22	07:51:26	en	NULL	nan	nan
1219890593666609157	2020-01-1213330173736738817	2020-01-04	05:23:50	en	NULL	-0.2	0.4
22	08:00:14	en	NULL	0.0	0.0
1219893538084872192	2020-01-22	08:04:18	en	NULL	nan	nan
1219894519530950658	2020-01-22	08:08:12	en	NULL	nan	nan
1219895387760148480	2020-01-22	08:11:39	en	NULL	nan	nan
1219895949788663808	2020-01-22	08:13:53	en	NULL	0.0	0.0
1219896079833030656	2020-01-22	08:14:24	en	NULL	0.0	0.0
1219897044514504704	2020-01-22	08:18:14	en	NULL	nan	nan
1219897971476582400	2020-01-22	08:21:55	en	NULL	-0.8	0.9
1219905433147711488	2020-01-22	08:51:34	en	NULL	nan	nan
1219906381056114688	2020-01-22	08:55:20	en	NULL	0.0	0.0
1219906599147528192	2020-01-22	08:56:12	en	NULL	-0.2	0.4
1219906997614596096	2020-01-22	08:57:47	en	NULL	0.15	0.5777777777777778
1219907630946078721	2020-01-22	09:00:18	en	NULL	0.0	0.0
1219908050355490816	2020-01-22	09:01:58	en	NULL	-0.2	0.4
1219909077964394496	2020-01-22	09:06:03	en	NULL	nan	nan
1219909581305892865	2020-01-22	09:08:03	en	NULL	nan	nan
1219913754630131713	2020-01-22	09:24:38	en	NULL	0.0	0.0
1219914740279005185	2020-01-22	09:28:33	en	NULL	nan	nan
1219915075818946561	2020-01-22	09:29:53	en	NULL	nan	nan
1219915935668039682	2020-01-22	09:33:18	en	NULL	0.25	0.3333333333333333
1219916522879102976	2020-01-22	09:35:38	en	NULL	0.04545454545454545	0.3181818181818182
1219916610934394882	2020-01-22	09:35:59	en	NULL	0.25	0.3333333333333333
1219916749371518978	2020-01-22	09:36:32	en	NULL	-0.04999999999999999	0.35000000000000003
1219917474990383104	2020-01-22	09:39:25	en	NULL	nan	nan
1219919836387729409	2020-01-22	09:48:48	en	NULL	0.0	0.0
1219921954490212352	2020-01-22	09:57:13	en	NULL	0.0	0.0
1219923464448020480	2020-01-22	10:03:13	en	NULL	0.024242424242424232	0.43636363636363634
1219927004423782400	2020-01-22	10:17:17	en	NULL	0.024242424242424232	0.43636363636363634
1219927113479999489	2020-01-22	10:17:43	en	NULL	0.0	0.75
1219927486785630208	2020-01-22	10:19:12	en	NULL	0.25	0.25
1219928011069382656	2020-01-22	10:21:17	en	NULL	nan	nan
1219930984826560512	2020-01-22	10:33:06	en	NULL	nan	nan
1219931555260297216	2020-01-22	10:35:22	en	NULL	0.13636363636363635	0.45454545454545453
1219932096300322816	2020-01-22	10:37:31	en	NULL	nan	nan
1219933232977862656	2020-01-22	10:42:02	en	NULL	0.5	0.5
1219934654863532039	2020-01-22	10:47:41	en	NULL	0.11212121212121212	0.28484848484848485
1219935032325918721	2020-01-22	10:49:11	en	NULL	0.0	0.125
1219935367874433025	2020-01-22	10:50:31	en	NULL	0.0	0.39
1219935502075334656	2020-01-22	10:51:03	en	NULL	0.0	0.0
1219935879566778368	2020-01-22	10:52:33	en	NULL	nan	nan
1219936663897616384	2020-01-22	10:55:40	en	NULL	nan	nan
1219937716684697604	2020-01-22	10:59:51	en	NULL	nan	nan
1219939910322442241	2020-01-22	11:08:34	en	NULL	0.16	0.5399999999999999
1219940614957142019	2020-01-22	11:11:22	en	NULL	nan	nan
1219940757567688705	2020-01-22	11:11:56	en	NULL	0.0	0.0
1219940778543403009	2020-01-22	11:12:01	en	NULL	0.0	0.0
1219943588693282817	2020-01-22	11:23:11	en	NULL	-0.2	1.0
1219945719403933698	2020-01-22	11:31:39	en	NULL	nan	nan
1219947497809797123	2020-01-22	11:38:43	en	NULL	0.0	0.0
1219947820779626496	2020-01-22	11:40:00	en	NULL	-0.78	1.0
1219948194051887104	2020-01-22	11:41:29	en	NULL	-0.2	0.4
1219948747699998721	2020-01-22	11:43:41	en	NULL	0.13636363636363635	0.45454545454545453
1219948877740150786	2020-01-22	11:44:12	en	NULL	0.225	0.6416666666666666
1219949762712989698	2020-01-22	11:47:43	en	NULL	0.06818181818181818	0.7272727272727273
1219950341556441090	2020-01-22	11:50:01	en	NULL	0.0	0.0
1219951390107164672	2020-01-22	11:54:11	en	NULL	0.0	0.0
1219955508913659905	2020-01-22	12:10:33	en	NULL	nan	nan
1219955743811670016	2020-01-22	12:11:29	en	NULL	nan	nan
1219955882219446274	2020-01-22	12:12:02	en	NULL	nan	nan
1219959174748164099	2020-01-22	12:25:07	en	NULL	0.0	0.0
1219959543834132480	2020-01-22	12:26:35	en	NULL	0.0	0.0
1219959682258726912	2020-01-22	12:27:08	en	NULL	-0.24431818181818182	0.75
1219960907012493313	2020-01-22	12:32:00	en	NULL	0.05284090909090909	0.45738636363636365
1219962123360579585	2020-01-22	12:36:50	en	NULL	0.25	0.3333333333333333
1219962668590739456	2020-01-22	12:39:00	en	NULL	0.0	0.0
1219962668611723264	2020-01-22	12:39:00	en	NULL	0.5	0.5
1219965927581720576	2020-01-22	12:51:57	en	NULL	0.08333333333333333	0.6666666666666666
1219967005513568261	2020-01-22	12:56:14	en	NULL	0.6	0.95
1219967890495066118	2020-01-22	12:59:45	en	NULL	0.024999999999999994	0.16666666666666666
1219968117004070912	2020-01-22	13:00:39	en	NULL	0.0	0.0
1219968389629796353	2020-01-22	13:01:44	en	NULL	0.0	0.0
1219968687417053185	2020-01-22	13:02:55	en	NULL	-0.03181818181818183	0.42727272727272725
1219968880355020801	2020-01-22	13:03:41	en	NULL	0.0	0.0
1219969819900071943	2020-01-22	13:07:25	en	NULL	nan	nan
1219969966688083971	2020-01-22	13:08:00	en	NULL	0.0	0.0
1219970969147781120	2020-01-22	13:11:59	en	NULL	0.0	0.0
1219971145308549121	2020-01-22	13:12:41	en	NULL	0.13712121212121212	0.7348484848484849
1219971220784865286	2020-01-22	13:12:59	en	NULL	0.0	0.0
1219971904473354240	2020-01-22	13:15:42	en	NULL	0.0	0.0
1219974760798412803	2020-01-22	13:27:03	en	NULL	0.0	0.0
1219976094557917189	2020-01-22	13:32:21	en	NULL	-0.20833333333333331	0.5583333333333333
1219976174266408960	2020-01-22	13:32:40	en	NULL	-0.015151515151515152	0.3106060606060606
1219976518207709185	2020-01-22	13:34:02	en	NULL	0.0	0.0
1219977365444550657	2020-01-22	13:37:24	en	NULL	0.0	0.0
1219977688401825792	2020-01-22	13:38:41	en	NULL	nan	nan
1219978036537372673	2020-01-22	13:40:04	en	NULL	0.0	0.0
1219979336780042243	2020-01-22	13:45:14	en	NULL	-0.15000000000000002	0.9
1219979978499997696	2020-01-22	13:47:47	en	NULL	0.13636363636363635	0.45454545454545453
1219989851891736576	2020-01-22	14:27:01	en	NULL	0.0	0.0
1219991185663479808	2020-01-22	14:32:19	en	NULL	nan	nan
1219991651244036097	2020-01-22	14:34:10	en	NULL	0.25	0.3333333333333333
1219994348168892421	2020-01-22	14:44:53	en	NULL	0.0	0.0
1219995648415748099	2020-01-22	14:50:03	en	NULL	0.16818181818181818	0.6647727272727273
1219996722140762112	2020-01-22	14:54:19	en	NULL	-0.1	0.4
1219998051739295745	2020-01-22	14:59:36	en	NULL	-0.125	0.125
1219998164998139906	2020-01-22	15:00:03	en	NULL	nan	nan
1219998542493650945	2020-01-22	15:01:33	en	NULL	0.0	0.0
1219999683340316673	2020-01-22	15:06:05	en	NULL	0.2590909090909091	0.7761363636363636
1220000203417088000	2020-01-22	15:08:09	en	US	nan	nan
1220000685753847817	2020-01-22	15:10:04	en	NULL	0.13636363636363635	0.45454545454545453
1220001289737850882	2020-01-22	15:12:28	en	NULL	0.0	0.0
1220001465894428672	2020-01-22	15:13:10	en	NULL	0.0	0.0
1220002057324765185	2020-01-22	15:15:31	en	NULL	0.25	0.3333333333333333
1220002183128735748	2020-01-22	15:16:01	en	NULL	-0.2833333333333333	0.3333333333333333
1220002967476154368	2020-01-22	15:19:08	en	NULL	0.0	0.0
1220004582287384583	2020-01-22	15:25:33	en	NULL	-0.3333333333333333	0.6666666666666666
1220005005907853312	2020-01-22	15:27:14	en	NULL	0.7	0.6000000000000001
1220006855600152576	2020-01-22	15:34:35	en	NULL	0.2	0.2
1220007518279294979	2020-01-22	15:37:13	en	NULL	0.0	1.0
1220007979686277120	2020-01-22	15:39:03	en	NULL	nan	nan
1220008172611678209	2020-01-22	15:39:49	en	NULL	-0.02121212121212122	0.15151515151515152
1220008264873791500	2020-01-22	15:40:11	en	NULL	0.0	0.0
1220008369722941441	2020-01-22	15:40:36	en	NULL	0.0	0.0
1220009011455483905	2020-01-22	15:43:09	en	NULL	0.25	0.3333333333333333
1220009607050993665	2020-01-22	15:45:31	en	NULL	0.0	0.35714285714285715
1220009745479819265	2020-01-22	15:46:04	en	NULL	0.0	0.0
1220010018101022721	2020-01-22	15:47:09	en	NULL	0.0	0.0
1220010273945243648	2020-01-22	15:48:10	en	NULL	0.0	0.0
1220011154765905923	2020-01-22	15:51:40	en	US	nan	nan
1220013595825565697	2020-01-22	16:01:22	en	NULL	nan	nan
1220014107551813632	2020-01-22	16:03:24	en	NULL	nan	nan
1220014518589427714	2020-01-22	16:05:02	en	NULL	0.0	0.0
1220015432964431874	2020-01-22	16:08:40	en	NULL	0.5	0.9
1220016133388095497	2020-01-22	16:11:27	en	NULL	0.25	0.45
1220017035155058700	2020-01-22	16:15:02	en	NULL	nan	nan
1220018096338919425	2020-01-22	16:19:15	en	NULL	0.0	0.0
1220018217948798976	2020-01-22	16:19:44	en	NULL	0.35	0.65
1220018322814783488	2020-01-22	16:20:09	en	NULL	0.0	0.0
1220018637374836737	2020-01-22	16:21:24	en	NULL	nan	nan
1220019237185413120	2020-01-22	16:23:47	en	NULL	0.21666666666666667	0.4777777777777778
1220020562577092610	2020-01-22	16:29:03	en	NULL	0.1	1.0
1220021133023428608	2020-01-22	16:31:19	en	NULL	nan	nan
1220021770545176576	2020-01-22	16:33:51	en	NULL	nan	nan
1220023301453385728	2020-01-22	16:39:56	en	US	0.5	0.5
1220023418910842880	2020-01-22	16:40:24	en	NULL	0.0	0.0
1220024501041278978	2020-01-22	16:44:42	en	NULL	0.0625	0.5
1220025293739569152	2020-01-22	16:47:51	en	NULL	0.0	0.0
1220025662833999872	2020-01-22	16:49:19	en	NULL	0.2681818181818182	0.7272727272727273
1220025998411853824	2020-01-22	16:50:39	en	NULL	0.0	0.0
1220028120704700418	2020-01-22	16:59:05	en	NULL	nan	nan
1220028271712251904	2020-01-22	16:59:41	en	NULL	nan	nan
1220028540135059457	2020-01-22	17:00:45	en	NULL	0.0	0.0
1220028905035325440	2020-01-22	17:02:12	en	NULL	0.13636363636363635	0.45454545454545453
1220029529994870784	2020-01-22	17:04:41	en	NULL	0.13636363636363635	0.45454545454545453
1220030347888300032	2020-01-22	17:07:56	en	NULL	0.0	0.0
1220030935111884800	2020-01-22	17:10:16	en	NULL	0.7	0.6000000000000001
1220032214349631488	2020-01-22	17:15:21	en	NULL	0.0	0.0
1220032310827012100	2020-01-22	17:15:44	en	NULL	nan	nan
1220032956749598720	2020-01-22	17:18:18	en	NULL	0.0	0.0
1220035213264347137	2020-01-22	17:27:16	en	NULL	-0.4571428571428572	0.6285714285714286
1220036777768976384	2020-01-22	17:33:29	en	NULL	0.0625	0.5
1220037985732874240	2020-01-22	17:38:17	en	NULL	nan	nan
1220038535173918720	2020-01-22	17:40:28	en	NULL	-0.028124999999999997	0.371875
1220041160795852810	2020-01-22	17:50:54	en	NULL	nan	nan
1220041466988417025	2020-01-22	17:52:07	en	NULL	-0.6	0.9
1220043358615281664	2020-01-22	17:59:38	en	NULL	0.0	0.0
1220044121995268096	2020-01-22	18:02:40	en	US	0.0	0.0
1220044797257211904	2020-01-22	18:05:21	en	NULL	-0.02121212121212122	0.15151515151515152
1220044998592401409	2020-01-22	18:06:09	en	NULL	nan	nan
1220046651135578112	2020-01-22	18:12:43	en	NULL	-0.1	0.325
1220046919600394241	2020-01-22	18:13:47	en	NULL	nan	nan
1220048379222339584	2020-01-22	18:19:35	en	NULL	0.3	0.5
1220048911861026816	2020-01-22	18:21:42	en	NULL	nan	nan
1220050644133744640	2020-01-22	18:28:35	en	NULL	nan	nan
1220051013207351297	2020-01-22	18:30:03	en	NULL	nan	nan
1220051420084199424	2020-01-22	18:31:40	en	NULL	nan	nan
1220052447680520193	2020-01-22	18:35:45	en	NULL	0.0	0.0
1220053068433317890	2020-01-22	18:38:13	en	NULL	-0.2	0.4
1220053303335247875	2020-01-22	18:39:09	en	NULL	0.0	0.1
1220053542410440704	2020-01-22	18:40:06	en	NULL	0.0	0.0
1220053844396212225	2020-01-22	18:41:18	en	NULL	nan	nan
1220055794730852355	2020-01-22	18:49:03	en	NULL	0.0	0.5
1220056344180465671	2020-01-22	18:51:14	en	NULL	nan	nan
1220057275324346368	2020-01-22	18:54:56	en	NULL	0.13636363636363635	0.45454545454545453
1220058110007693312	2020-01-22	18:58:15	en	NULL	-0.05	0.4
1220058151938068484	2020-01-22	18:58:25	en	NULL	-0.04999999999999999	0.30000000000000004
1220058688817377280	2020-01-22	19:00:33	en	NULL	-0.4	0.6
1220061113091592195	2020-01-22	19:10:11	en	NULL	0.1375	0.875
1220061134100652032	2020-01-22	19:10:16	en	AU	0.3333333333333333	1.0
1220061847111512067	2020-01-22	19:13:06	en	NULL	-0.08333333333333333	0.21666666666666667
1220062774035771392	2020-01-22	19:16:47	en	NULL	0.25	0.3333333333333333
1220063101195890691	2020-01-22	19:18:05	en	NULL	-0.05	0.05
1220063726176333825	2020-01-22	19:20:34	en	NULL	0.0	0.0
1220068109211406337	2020-01-22	19:37:59	en	NULL	-0.05	0.05
1220068146951798785	2020-01-22	19:38:08	en	NULL	0.0	0.0
1220068578956926976	2020-01-22	19:39:51	en	NULL	-0.16666666666666666	0.26666666666666666
1220070348965732352	2020-01-22	19:46:53	en	NULL	nan	nan
1220070546110590977	2020-01-22	19:47:40	en	NULL	0.2375	0.6375
1220070684501495808	2020-01-22	19:48:13	en	NULL	0.0	0.03333333333333333
1220071615658102788	2020-01-22	19:51:55	en	NULL	-0.25	1.0
1220072576162193408	2020-01-22	19:55:44	en	NULL	0.0	0.0
1220072634869854215	2020-01-22	19:55:58	en	NULL	0.3	1.0
1220072785868800000	2020-01-22	19:56:34	en	NULL	-0.006397306397306411	0.24781144781144782
1220073050097373184	2020-01-22	19:57:37	en	NULL	0.55	0.8
1220073410828623872	2020-01-22	19:59:03	en	NULL	0.0	0.0
1220073737959149569	2020-01-22	20:00:21	en	NULL	nan	nan
1220074631333326848	2020-01-22	20:03:54	en	NULL	0.0	0.0
1220075260478799873	2020-01-22	20:06:24	en	NULL	0.0	0.0
1220076149683953665	2020-01-22	20:09:56	en	NULL	0.0	0.03333333333333333
1220076330064105472	2020-01-22	20:10:39	en	NULL	-0.08333333333333333	0.6166666666666666
1220077164697149442	2020-01-22	20:13:58	en	NULL	0.0	0.0
1220077454112497664	2020-01-22	20:15:07	en	NULL	0.04545454545454545	0.1931818181818182
1220078951483297793	2020-01-22	20:21:04	en	NULL	0.0	0.0
1220079903581835266	2020-01-22	20:24:51	en	NULL	0.0	0.0
1220080121685708805	2020-01-22	20:25:43	en	NULL	nan	nan
1220080482404061184	2020-01-22	20:27:09	en	NULL	0.5	0.5
1220080591464431621	2020-01-22	20:27:35	en	GB	0.0	0.0
1220081489020256256	2020-01-22	20:31:09	en	NULL	0.1875	0.4375
1220082160125628416	2020-01-22	20:33:49	en	NULL	nan	nan
1220082831231201280	2020-01-22	20:36:29	en	NULL	nan	nan
1220083074471514112	2020-01-22	20:37:27	en	NULL	nan	nan
1220083502286241792	2020-01-22	20:39:09	en	NULL	0.06818181818181818	0.22727272727272727
1220083653293891584	2020-01-22	20:39:45	en	NULL	-0.009595959595959616	0.3717171717171717
1220083959490629634	2020-01-22	20:40:58	en	NULL	-0.4	0.8
1220084005636321282	2020-01-22	20:41:09	en	NULL	nan	nan
1220084173400170497	2020-01-22	20:41:49	en	NULL	nan	nan
1220084609595002880	2020-01-22	20:43:33	en	NULL	0.0	0.0
1220084739622735872	2020-01-22	20:44:04	en	NULL	nan	nan
1220085758825918464	2020-01-22	20:48:07	en	NULL	0.0	0.0
1220086312495124480	2020-01-22	20:50:19	en	NULL	0.0	0.0
1220086593526140929	2020-01-22	20:51:26	en	NULL	nan	nan
1220089542096625671	2020-01-22	21:03:09	en	NULL	0.39285714285714285	0.7178571428571429
1220090372564684800	2020-01-22	21:06:27	en	NULL	nan	nan
1220091274348331010	2020-01-22	21:10:02	en	NULL	0.1	0.3
1220092553598586880	2020-01-22	21:15:07	en	NULL	0.0	0.0
1220092746532380672	2020-01-22	21:15:53	en	NULL	0.13636363636363635	0.45454545454545453
1220093983864557568	2020-01-22	21:20:48	en	NULL	-0.5	1.0
1220094969525854208	2020-01-22	21:24:43	en	NULL	-0.11851851851851854	0.22962962962962963
1220095602865950720	2020-01-22	21:27:14	en	NULL	-0.15555555555555559	0.2888888888888889
1220095644834127872	2020-01-22	21:27:24	en	NULL	-0.3	0.4
1220096169122156546	2020-01-22	21:29:29	en	NULL	nan	nan
1220096634677276672	2020-01-22	21:31:20	en	NULL	nan	nan
1220096840189784064	2020-01-22	21:32:09	en	NULL	0.0	0.0
1220097322530545664	2020-01-22	21:34:04	en	NULL	0.0	0.0
1220097578370396160	2020-01-22	21:35:05	en	NULL	0.0	0.1
1220097880389824514	2020-01-22	21:36:17	en	NULL	nan	nan
1220099247711932416	2020-01-22	21:41:43	en	NULL	0.13636363636363635	0.45454545454545453
1220100073998123018	2020-01-22	21:45:00	en	NULL	0.25	0.3333333333333333
1220101038675505152	2020-01-22	21:48:50	en	NULL	0.037500000000000006	0.4875
1220101512665489408	2020-01-22	21:50:43	en	NULL	0.0	0.0
1220102418605563904	2020-01-22	21:54:19	en	NULL	-0.15555555555555559	0.2888888888888889
1220104641578487814	2020-01-22	22:03:09	en	NULL	nan	nan
1220104838723395585	2020-01-22	22:03:56	en	NULL	nan	nan
1220105983785082880	2020-01-22	22:08:29	en	NG	0.04545454545454545	0.17373737373737375
1220106898130817024	2020-01-22	22:12:07	en	NULL	0.12878787878787878	0.2681818181818182
1220107028166635520	2020-01-22	22:12:38	en	NULL	0.0	0.0
1220107707639877637	2020-01-22	22:15:20	en	NULL	-0.1	0.1
1220107753768865793	2020-01-22	22:15:31	en	NULL	0.13636363636363635	0.45454545454545453
1220108064134701058	2020-01-22	22:16:45	en	NULL	0.25	0.3333333333333333
1220108861081735168	2020-01-22	22:19:55	en	NULL	nan	nan
1220109049821163520	2020-01-22	22:20:40	en	NULL	0.2	0.5
1220112090691600384	2020-01-22	22:32:45	en	NULL	-0.1	0.4
1220112606599380992	2020-01-22	22:34:48	en	NULL	0.0	1.0
1220112614967013378	2020-01-22	22:34:50	en	NULL	nan	nan
1220112740791902208	2020-01-22	22:35:20	en	NULL	0.0	0.06666666666666667
1220113164421009408	2020-01-22	22:37:01	en	NULL	0.0	0.0
1220113277658763269	2020-01-22	22:37:28	en	NULL	0.0	0.0
1220114221406375936	2020-01-22	22:41:13	en	NULL	0.21212121212121213	0.6515151515151515
1220114468853645312	2020-01-22	22:42:12	en	NULL	nan	nan
1220114649204633600	2020-01-22	22:42:55	en	NULL	nan	nan
1220115244787404803	2020-01-22	22:45:17	en	NULL	0.2	0.4
1220115530025185280	2020-01-22	22:46:25	en	NULL	0.1	1.0
1220115899107045376	2020-01-22	22:47:53	en	NULL	0.5	0.5
1220116737951256576	2020-01-22	22:51:13	en	NULL	nan	nan
1220117107087675392	2020-01-22	22:52:41	en	NULL	-0.1875	0.5
1220117492925747200	2020-01-22	22:54:13	en	NULL	0.4	0.45
1220117673301774336	2020-01-22	22:54:56	en	NULL	-0.3	0.5
1220117971114364928	2020-01-22	22:56:07	en	NULL	-0.09621212121212121	0.40984848484848485
1220118948353585152	2020-01-22	23:00:00	en	NULL	0.13636363636363635	0.45454545454545453
1220119913043382272	2020-01-22	23:03:50	en	NULL	-0.2	0.55
1220120126982434816	2020-01-22	23:04:41	en	NULL	0.0	0.0
1220121024538132482	2020-01-22	23:08:15	en	NULL	0.2	0.2
1220121708222222336	2020-01-22	23:10:58	en	NULL	0.0987878787878788	0.3648484848484848
1220122941335244802	2020-01-22	23:15:52	en	NULL	0.0	0.0
1220124828796997632	2020-01-22	23:23:22	en	CN	-0.1875	0.5
1220125625702395910	2020-01-22	23:26:32	en	NULL	0.0	0.0
1220127345366859776	2020-01-22	23:33:22	en	NULL	0.0	0.0
1220127739644125184	2020-01-22	23:34:56	en	NULL	-0.07777777777777779	0.17777777777777778
1220127936767905793	2020-01-22	23:35:43	en	NULL	0.35	0.65
1220129069217591296	2020-01-22	23:40:13	en	NULL	0.0	0.0
1220130809845288962	2020-01-22	23:47:08	en	US	0.0	0.0
1220131082470940673	2020-01-22	23:48:13	en	NULL	nan	nan
1220132198176542720	2020-01-22	23:52:39	en	NULL	0.005681818181818177	0.4147727272727273
1220134224004411393	2020-01-23	00:00:42	en	NULL	0.1465909090909091	0.546969696969697
1220134412756582401	2020-01-23	00:01:27	en	NULL	-0.125	0.375
1220137147451301892	2020-01-23	00:12:19	en	NULL	nan	nan
1220137508148613120	2020-01-23	00:13:45	en	NULL	nan	nan
1220138292508811264	2020-01-23	00:16:52	en	TW	0.25	0.45
1220139563370217472	2020-01-23	00:21:55	en	NULL	0.0	0.0
1220139836008386561	2020-01-23	00:23:00	en	NULL	-0.2	0.4
1220140125394493441	2020-01-23	00:24:09	en	NULL	-0.07306397306397308	0.24781144781144782
1220141719250882561	2020-01-23	00:30:29	en	NULL	nan	nan
1220143497639972866	2020-01-23	00:37:33	en	NULL	0.25	0.3333333333333333
1220143602489118720	2020-01-23	00:37:58	en	NULL	0.21428571428571427	0.5714285714285714
1220143761851744256	2020-01-23	00:38:36	en	NULL	-0.15000000000000002	0.7
1220144403605413888	2020-01-23	00:41:09	en	NULL	0.26212121212121214	0.8181818181818182
1220144726554243072	2020-01-23	00:42:26	en	KR	nan	nan
1220146572048007169	2020-01-23	00:49:46	en	NULL	nan	nan
1220146727237210112	2020-01-23	00:50:23	en	NULL	nan	nan
1220146777564774405	2020-01-23	00:50:35	en	NULL	0.0	0.0
1220147050198851587	2020-01-23	00:51:40	en	NULL	0.0	0.25
1220147209607548928	2020-01-23	00:52:18	en	NULL	-0.05	0.2
1220147767424823296	2020-01-23	00:54:31	en	NULL	nan	nan
1220151324190208000	2020-01-23	01:08:39	en	NULL	0.25	0.2
1220151357765754886	2020-01-23	01:08:47	en	NULL	0.0	0.0
1220151387096375296	2020-01-23	01:08:54	en	NULL	0.0	0.0
1220153517832228864	2020-01-23	01:17:22	en	NULL	0.06999999999999999	0.49666666666666665
1220153559762767873	2020-01-23	01:17:32	en	NULL	0.005681818181818177	0.2897727272727273
1220155136837853186	2020-01-23	01:23:48	en	NULL	0.0	0.0
1220157942822948864	2020-01-23	01:34:57	en	NULL	0.0	0.0
1220158253201383424	2020-01-23	01:36:11	en	NULL	0.0	0.0
1220160077723766784	2020-01-23	01:43:26	en	NULL	0.06818181818181818	0.22727272727272727
1220161063393677312	2020-01-23	01:47:21	en	NULL	nan	nan
1220161562498957312	2020-01-23	01:49:20	en	NULL	nan	nan
1220161671563444224	2020-01-23	01:49:46	en	PT	0.0	0.0
1220164624319832064	2020-01-23	02:01:30	en	NULL	0.0	0.0
1220165261887787008	2020-01-23	02:04:02	en	NULL	-0.1	0.1
1220165907793580032	2020-01-23	02:06:36	en	NULL	0.25	0.75
1220166008456929280	2020-01-23	02:07:00	en	NULL	0.0	0.0
1220166771816194048	2020-01-23	02:10:02	en	NULL	0.0	0.0
1220167656805994496	2020-01-23	02:13:33	en	NULL	0.25	0.3333333333333333
1220168336312455168	2020-01-23	02:16:15	en	NULL	nan	nan
1220169288385953793	2020-01-23	02:20:02	en	NULL	0.13636363636363635	0.45454545454545453
1220170727061512193	2020-01-23	02:25:45	en	NULL	-0.15000000000000002	0.4
1220173495289745408	2020-01-23	02:36:45	en	NULL	0.5	0.5
1220173730170724352	2020-01-23	02:37:41	en	NULL	0.0	0.0
1220174480963665923	2020-01-23	02:40:40	en	NULL	-0.016666666666666666	0.4666666666666666
1220174740993736704	2020-01-23	02:41:42	en	US	0.0	0.03333333333333333
1220174795519811592	2020-01-23	02:41:55	en	NULL	-0.4	0.6
1220175965747326981	2020-01-23	02:46:34	en	NULL	nan	nan
1220177224038481923	2020-01-23	02:51:34	en	NULL	0.0	0.0
1220178532644474881	2020-01-23	02:56:46	en	NULL	0.24015151515151514	0.6181818181818182
1220179132451041281	2020-01-23	02:59:09	en	US	0.4	0.9
1220180386531041280	2020-01-23	03:04:08	en	NULL	-0.4	0.6
1220180764030951425	2020-01-23	03:05:38	en	NULL	0.4	1.0
1220183989446750214	2020-01-23	03:18:27	en	NULL	nan	nan
1220184224327557121	2020-01-23	03:19:23	en	NULL	0.0	0.0
1220184530486792192	2020-01-23	03:20:36	en	NULL	nan	nan
1220187659441786880	2020-01-23	03:33:02	en	NULL	-0.4	0.6
1220187936295211008	2020-01-23	03:34:08	en	NULL	0.0	0.0
1220188158576484363	2020-01-23	03:35:01	en	NULL	0.0	0.0
1220188431206060033	2020-01-23	03:36:06	en	NULL	0.0	0.0625
1220188959688609792	2020-01-23	03:38:12	en	NULL	0.0	0.0
1220189467220246529	2020-01-23	03:40:13	en	NULL	-0.75	0.9
1220191568545497094	2020-01-23	03:48:34	en	NULL	nan	nan
1220192025716383744	2020-01-23	03:50:23	en	NULL	0.0	0.0
1220192071849594883	2020-01-23	03:50:34	en	NULL	-0.5	1.0
1220192805881958401	2020-01-23	03:53:29	en	PH	0.5	0.7569444444444444
1220192868800827392	2020-01-23	03:53:44	en	NULL	nan	nan
1220193703458791425	2020-01-23	03:57:03	en	NULL	0.0	0.0
1220193770538332160	2020-01-23	03:57:19	en	NULL	0.0	0.0
1220193938335846400	2020-01-23	03:57:59	en	NULL	0.0	0.5
1220194290648748034	2020-01-23	03:59:23	en	NULL	0.0	0.0
1220194382919479298	2020-01-23	03:59:45	en	NULL	0.1	0.4
1220195767052226560	2020-01-23	04:05:15	en	NULL	nan	nan
1220196379395420160	2020-01-23	04:07:41	en	NULL	0.0	0.0
1220197889370218497	2020-01-23	04:13:41	en	NULL	0.0	0.0
1220199575471833089	2020-01-23	04:20:23	en	NULL	0.0	0.0
1220199726475288577	2020-01-23	04:20:59	en	NULL	0.1	0.9
1220200376588066817	2020-01-23	04:23:34	en	NULL	nan	nan
1220201118980083712	2020-01-23	04:26:31	en	NULL	0.25	0.75
1220203719435935744	2020-01-23	04:36:51	en	NULL	nan	nan
1220205724330053633	2020-01-23	04:44:49	en	NULL	-0.08333333333333333	0.8333333333333334
1220206466713444352	2020-01-23	04:47:46	en	NULL	nan	nan
1220207859234795520	2020-01-23	04:53:18	en	NULL	nan	nan
1220208333178753024	2020-01-23	04:55:11	en	NULL	0.0	1.0
1220210153510719488	2020-01-23	05:02:25	en	NULL	0.2556818181818182	0.6022727272727273
1220211395003764736	2020-01-23	05:07:21	en	NULL	0.0	0.0
1220212795913863168	2020-01-23	05:12:55	en	NULL	0.0	0.0
1220213370550247426	2020-01-23	05:15:12	en	NULL	0.11666666666666668	0.48333333333333334
1220213706098794497	2020-01-23	05:16:32	en	NULL	nan	nan
1220216931489329152	2020-01-23	05:29:21	en	NULL	nan	nan
1220217854257254400	2020-01-23	05:33:01	en	NULL	0.0	0.0
1220218739238502400	2020-01-23	05:36:32	en	NULL	0.13636363636363635	0.45454545454545453
1220220307929088000	2020-01-23	05:42:46	en	NULL	0.0	0.35000000000000003
1220220484085862400	2020-01-23	05:43:28	en	NULL	0.2333333333333333	0.3666666666666667
1220222010803965954	2020-01-23	05:49:32	en	NULL	0.13636363636363635	0.45454545454545453
1220223025813053441	2020-01-23	05:53:34	en	NULL	nan	nan
1220223956965371909	2020-01-23	05:57:16	en	NULL	0.06338383838383838	0.42449494949494954
1220224015681253378	2020-01-23	05:57:30	en	NULL	0.0	0.0
1220225383011901440	2020-01-23	06:02:56	en	NULL	0.0	0.03333333333333333
1220226087675809792	2020-01-23	06:05:44	en	NULL	0.0	0.0
1220226217703546883	2020-01-23	06:06:15	en	NULL	nan	nan
1220227199145594880	2020-01-23	06:10:09	en	NULL	0.0	0.0
1220227299813052423	2020-01-23	06:10:33	en	NULL	nan	nan
1220227396298780675	2020-01-23	06:10:56	en	NULL	nan	nan
1220228096747503617	2020-01-23	06:13:43	en	NULL	0.0	0.0
1220229078197751814	2020-01-23	06:17:37	en	NULL	0.0	0.0
1220230743328079874	2020-01-23	06:24:14	en	NULL	0.0	0.0
1220230869186539521	2020-01-23	06:24:44	en	NULL	0.0	0.0
1220232542722256896	2020-01-23	06:31:23	en	NULL	nan	nan
1220232601425735681	2020-01-23	06:31:37	en	NULL	nan	nan
1220232840496832513	2020-01-23	06:32:34	en	NULL	nan	nan
1220234220427259904	2020-01-23	06:38:03	en	NULL	0.13636363636363635	0.45454545454545453
1220234316904423425	2020-01-23	06:38:26	en	NULL	0.125	0.6666666666666666
1220234534995628032	2020-01-23	06:39:18	en	NULL	0.0	0.25
1220235931715694592	2020-01-23	06:44:51	en	NULL	0.0	0.0
1220236124653666304	2020-01-23	06:45:37	en	NULL	0.0	0.0
1220236854441590785	2020-01-23	06:48:31	en	NULL	0.0	0.0
1220239211657220097	2020-01-23	06:57:53	en	NULL	nan	nan
1220239748528128005	2020-01-23	07:00:01	en	NULL	0.0	0.0
1220241317172633601	2020-01-23	07:06:15	en	NULL	0.0	0.06666666666666667
1220241849861865472	2020-01-23	07:08:22	en	NULL	0.0	0.0
1220242722294050817	2020-01-23	07:11:50	en	NULL	0.21666666666666667	0.4444444444444444
1220243347215810560	2020-01-23	07:14:19	en	NULL	0.35000000000000003	0.41041666666666665
1220244479673819136	2020-01-23	07:18:49	en	NULL	nan	nan
1220244597114392576	2020-01-23	07:19:17	en	NULL	0.0	0.0
1220244861355528193	2020-01-23	07:20:20	en	NULL	0.25	0.5
1220245163370414081	2020-01-23	07:21:32	en	NULL	0.0	0.0
1220247088543555584	2020-01-23	07:29:11	en	NULL	0.1	0.5
1220250133620838400	2020-01-23	07:41:17	en	NULL	nan	nan
1220250716641599489	2020-01-23	07:43:36	en	NULL	nan	nan
1220251169597075457	2020-01-23	07:45:24	en	NULL	0.0	0.0
1220251568085307392	2020-01-23	07:46:59	en	NULL	0.0	0.06666666666666667
1220251802953646081	2020-01-23	07:47:55	en	NULL	0.0	0.0
1220251857483898880	2020-01-23	07:48:08	en	NULL	nan	nan
1220255783327277056	2020-01-23	08:03:44	en	NULL	nan	nan
1220256169207443457	2020-01-23	08:05:16	en	NULL	0.2333333333333333	0.20000000000000004
1220258731935633408	2020-01-23	08:15:27	en	NULL	0.0	0.0
1220259050710941696	2020-01-23	08:16:43	en	NULL	0.0	0.0
1220259243628081152	2020-01-23	08:17:29	en	NULL	nan	nan
1220260514506444800	2020-01-23	08:22:32	en	NULL	0.2681818181818182	0.7272727272727273
1220261399500165123	2020-01-23	08:26:03	en	NULL	nan	nan
1220261646968352768	2020-01-23	08:27:02	en	NULL	-0.16666666666666666	0.43333333333333335
1220261768611553280	2020-01-23	08:27:31	en	NULL	0.0	0.0
1220263991605227520	2020-01-23	08:36:21	en	NULL	0.0	0.0
1220266021635837954	2020-01-23	08:44:25	en	NULL	0.25	0.45
1220266042599071745	2020-01-23	08:44:30	en	NG	-0.13	1.0
1220267015681781765	2020-01-23	08:48:22	en	NULL	0.2	0.5
1220268689213345792	2020-01-23	08:55:01	en	NULL	0.2	0.30000000000000004
1220269339334459393	2020-01-23	08:57:36	en	NULL	0.0	0.0
1220269385484390400	2020-01-23	08:57:47	en	NULL	nan	nan
1220270161435013120	2020-01-23	09:00:52	en	NULL	0.06818181818181818	0.2606060606060606
1220271344211787776	2020-01-23	09:05:34	en	NULL	0.0	0.06666666666666667
1220273797888167942	2020-01-23	09:15:19	en	NULL	0.0	0.0
1220274733192642560	2020-01-23	09:19:02	en	NULL	0.0	0.0
1220274791942443008	2020-01-23	09:19:16	en	NULL	0.0	0.0
1220275249087840256	2020-01-23	09:21:05	en	NULL	nan	nan
1220278902326792193	2020-01-23	09:35:36	en	NULL	nan	nan
1220279875405135872	2020-01-23	09:39:28	en	NULL	0.0	0.0
1220280445830664192	2020-01-23	09:41:44	en	NULL	0.0	0.0
1220280483587723264	2020-01-23	09:41:53	en	NULL	nan	nan
1220280999478730754	2020-01-23	09:43:56	en	NULL	0.13636363636363635	0.45454545454545453
1220281242769403905	2020-01-23	09:44:54	en	NULL	0.2556818181818182	0.6022727272727273
1220281855141916672	2020-01-23	09:47:20	en	NULL	nan	nan
1220283008571396096	2020-01-23	09:51:55	en	DE	0.0	0.0
1220283037944111104	2020-01-23	09:52:02	en	NULL	nan	nan
1220284342343294976	2020-01-23	09:57:13	en	CN	0.0	0.0
1220285172836225024	2020-01-23	10:00:31	en	NULL	0.5	0.5
1220286003287482368	2020-01-23	10:03:49	en	AU	0.13636363636363635	0.5
1220286099752464385	2020-01-23	10:04:12	en	NULL	nan	nan
1220286863145082880	2020-01-23	10:07:14	en	NULL	0.0	0.06666666666666667
1220288284993163265	2020-01-23	10:12:53	en	NULL	0.0	0.0
1220289627199803392	2020-01-23	10:18:13	en	NULL	-0.125	0.375
1220290038241660931	2020-01-23	10:19:51	en	NULL	nan	nan
1220292072453767168	2020-01-23	10:27:56	en	NULL	-0.16666666666666666	0.3333333333333333
1220292852581720065	2020-01-23	10:31:02	en	NULL	0.0	0.0
1220292907137228802	2020-01-23	10:31:15	en	NULL	0.0	0.0
1220294404499525635	2020-01-23	10:37:12	en	NULL	0.0	0.06666666666666667
1220294463228125187	2020-01-23	10:37:26	en	NULL	-1.0	1.0
1220295675348504576	2020-01-23	10:42:15	en	NULL	0.0	0.0
1220296438711644161	2020-01-23	10:45:17	en	NULL	nan	nan
1220297294349848581	2020-01-23	10:48:41	en	NULL	0.0	0.0
1220297298581700608	2020-01-23	10:48:42	en	NULL	-0.2159090909090909	0.38863636363636367
1220299559278194689	2020-01-23	10:57:41	en	NULL	-0.06666666666666667	0.041666666666666664
1220302356883091459	2020-01-23	11:08:48	en	NULL	nan	nan
1220302537242353665	2020-01-23	11:09:31	en	NULL	0.5	0.5
1220302558209761280	2020-01-23	11:09:36	en	NULL	nan	nan
1220302646281756672	2020-01-23	11:09:57	en	NULL	0.03125	0.25
1220302696625905665	2020-01-23	11:10:09	en	NULL	0.0	0.0
1220303309015257089	2020-01-23	11:12:35	en	NULL	0.4	1.0
1220304068171698178	2020-01-23	11:15:36	en	NULL	nan	nan
1220304919606906887	2020-01-23	11:18:59	en	NULL	0.0012896825396825282	0.29990079365079364
1220305393571827712	2020-01-23	11:20:52	en	NULL	0.0	0.0
1220305406167277575	2020-01-23	11:20:55	en	NULL	nan	nan
1220307327154192384	2020-01-23	11:28:33	en	NULL	0.0	0.0
1220309176821469185	2020-01-23	11:35:54	en	NULL	nan	nan
1220310288303415298	2020-01-23	11:40:19	en	NULL	0.35	0.55
1220311005529550848	2020-01-23	11:43:10	en	NULL	0.0	0.0
1220312758769635328	2020-01-23	11:50:08	en	NULL	0.13636363636363635	0.45454545454545453
1220312783927070720	2020-01-23	11:50:14	en	NULL	-0.3	0.6
1220314302277652481	2020-01-23	11:56:16	en	NULL	nan	nan
1220317833885863936	2020-01-23	12:10:18	en	NULL	0.0	0.0
1220318437869674496	2020-01-23	12:12:42	en	NULL	-0.15	0.45
1220318471428308992	2020-01-23	12:12:50	en	NULL	nan	nan
1220318773393207302	2020-01-23	12:14:02	en	NULL	0.0	0.75
1220319515784990720	2020-01-23	12:16:59	en	NULL	-0.7	0.2
1220319712925470721	2020-01-23	12:17:46	en	NULL	0.0	0.0
1220319985534480384	2020-01-23	12:18:51	en	NULL	0.1787878787878788	0.48484848484848486
1220322468579172353	2020-01-23	12:28:43	en	NULL	-0.2	0.4
1220323554924933121	2020-01-23	12:33:02	en	NULL	0.0	0.0
1220325333305610240	2020-01-23	12:40:06	en	NULL	0.25	0.25
1220326499300937734	2020-01-23	12:44:44	en	NULL	0.4	1.0
1220328013436538880	2020-01-23	12:50:45	en	NULL	-0.3	0.6
1220328948774518784	2020-01-23	12:54:28	en	NULL	0.4	0.8
1220328969754632192	2020-01-23	12:54:33	en	NULL	nan	nan
1220330957858902016	2020-01-23	13:02:27	en	NULL	nan	nan
1220331679270596609	2020-01-23	13:05:19	en	NULL	0.25	0.3333333333333333
1220332270655082496	2020-01-23	13:07:40	en	NULL	0.0	0.0
1220332920788979713	2020-01-23	13:10:15	en	NULL	0.2333333333333333	0.3666666666666667
1220333180827394048	2020-01-23	13:11:17	en	NULL	0.13636363636363635	0.45454545454545453
1220333394749546497	2020-01-23	13:12:08	en	NULL	-0.1	0.25
1220333440878333952	2020-01-23	13:12:19	en	NULL	0.0	0.0
1220333600249466880	2020-01-23	13:12:57	en	NULL	nan	nan
1220334288132038656	2020-01-23	13:15:41	en	NULL	0.175	0.175
1220334539769249792	2020-01-23	13:16:41	en	NULL	0.875	0.6000000000000001
1220334573344542720	2020-01-23	13:16:49	en	NULL	0.25	0.3333333333333333
1220334866941693957	2020-01-23	13:17:59	en	NULL	0.4	0.7
1220335227635142656	2020-01-23	13:19:25	en	NULL	0.0	0.0
1220336980866760707	2020-01-23	13:26:23	en	NULL	0.0	0.0
1220337664546619398	2020-01-23	13:29:06	en	NULL	0.09943181818181818	0.4772727272727273
1220337727444570113	2020-01-23	13:29:21	en	NULL	nan	nan
1220337907816333312	2020-01-23	13:30:04	en	NULL	0.13636363636363635	0.45454545454545453
1220338100741775362	2020-01-23	13:30:50	en	NULL	0.0	0.25
1220338398554140673	2020-01-23	13:32:01	en	NULL	0.06818181818181818	0.22727272727272727
1220339195476094976	2020-01-23	13:35:11	en	NULL	0.06818181818181818	0.4772727272727273
1220340671850188806	2020-01-23	13:41:03	en	NULL	-0.05	0.0
1220340688652578817	2020-01-23	13:41:07	en	NULL	-0.2	0.4
1220340994828390405	2020-01-23	13:42:20	en	NULL	0.5	0.9
1220341187766374400	2020-01-23	13:43:06	en	NULL	0.225	0.45
1220342097942843392	2020-01-23	13:46:43	en	NULL	0.5	0.5
1220342982924230656	2020-01-23	13:50:14	en	NULL	0.0	0.0
1220343465248206849	2020-01-23	13:52:09	en	NULL	0.0	0.0
1220343708551274496	2020-01-23	13:53:07	en	NULL	0.0875	0.19166666666666665
1220344295758147585	2020-01-23	13:55:27	en	NULL	0.0	0.0
1220346275448492036	2020-01-23	14:03:19	en	NULL	-0.7142857142857143	0.8571428571428571
1220346447427751937	2020-01-23	14:04:00	en	NULL	0.0	0.5333333333333333
1220346489345466368	2020-01-23	14:04:10	en	NULL	0.2556818181818182	0.6022727272727273
1220347319830355968	2020-01-23	14:07:28	en	NULL	0.5	0.5
1220347969947557889	2020-01-23	14:10:03	en	NULL	0.35714285714285715	0.5714285714285714
1220348410341007361	2020-01-23	14:11:48	en	NULL	-0.07142857142857142	0.14285714285714285
1220350222276222976	2020-01-23	14:19:00	en	NULL	0.0	0.0
1220350255830634496	2020-01-23	14:19:08	en	NULL	nan	nan
1220350624941912070	2020-01-23	14:20:36	en	NULL	-0.11851851851851854	0.22962962962962963
1220351103096635393	2020-01-23	14:22:30	en	NULL	nan	nan
1220351182767394816	2020-01-23	14:22:49	en	NULL	nan	nan
1220351669311098882	2020-01-23	14:24:45	en	NULL	0.4	1.0
1220353011521859585	2020-01-23	14:30:05	en	NULL	0.0	0.0
1220353070212751366	2020-01-23	14:30:19	en	NULL	0.325	0.6666666666666666
1220353418356637696	2020-01-23	14:31:42	en	NULL	nan	nan
1220353535776346113	2020-01-23	14:32:10	en	NULL	nan	nan
1220355427420069888	2020-01-23	14:39:41	en	NULL	nan	nan
1220356031387197440	2020-01-23	14:42:05	en	NULL	nan	nan
1220356656350953472	2020-01-23	14:44:34	en	NULL	0.5	0.5
1220357050615705601	2020-01-23	14:46:08	en	NULL	0.012121212121212116	0.43333333333333335
1220357138683482112	2020-01-23	14:46:29	en	NULL	0.0	0.0
1220357298096394240	2020-01-23	14:47:07	en	NULL	0.0	0.0
1220358128535003136	2020-01-23	14:50:25	en	NULL	0.0	0.0
1220358602499727362	2020-01-23	14:52:18	en	NULL	0.0	0.0
1220358761904107522	2020-01-23	14:52:56	en	NULL	0.6	1.0
1220359101630369792	2020-01-23	14:54:17	en	NULL	nan	nan
1220359151982956544	2020-01-23	14:54:29	en	NULL	0.0	0.0
1220360296998559744	2020-01-23	14:59:02	en	NULL	0.0	0.0
1220360393492594689	2020-01-23	14:59:25	en	NULL	-0.1	1.0
1220361400113094656	2020-01-23	15:03:25	en	NULL	0.25757575757575757	0.48484848484848486
1220361437874397188	2020-01-23	15:03:34	en	NULL	0.25	0.3333333333333333
1220361563686653952	2020-01-23	15:04:04	en	NULL	nan	nan
1220361668531609600	2020-01-23	15:04:29	en	NULL	-0.13181818181818183	0.5272727272727272
1220361827948924929	2020-01-23	15:05:07	en	NULL	0.0	0.0
1220361957951168512	2020-01-23	15:05:38	en	NULL	nan	nan
1220362121537642497	2020-01-23	15:06:17	en	NULL	nan	nan
1220362129930252289	2020-01-23	15:06:19	en	NULL	nan	nan
1220362327045877762	2020-01-23	15:07:06	en	NULL	nan	nan
1220362545166417920	2020-01-23	15:07:58	en	NULL	nan	nan
1220362981374078980	2020-01-23	15:09:42	en	NULL	nan	nan
1220363526621073408	2020-01-23	15:11:52	en	NULL	nan	nan
1220363757307731968	2020-01-23	15:12:47	en	NULL	nan	nan
1220364977871171591	2020-01-23	15:17:38	en	NULL	nan	nan
1220364990416408579	2020-01-23	15:17:41	en	NULL	nan	nan
1220365825108074499	2020-01-23	15:21:00	en	NULL	nan	nan
1220366831728259072	2020-01-23	15:25:00	en	NULL	nan	nan
1220367267957018624	2020-01-23	15:26:44	en	NULL	nan	nan
1220367867708727296	2020-01-23	15:29:07	en	NULL	nan	nan
1220367930627690498	2020-01-23	15:29:22	en	NULL	nan	nan
1220368190687055873	2020-01-23	15:30:24	en	NULL	nan	nan
1220368303945732096	2020-01-23	15:30:51	en	NULL	nan	nan
1220368639485825024	2020-01-23	15:32:11	en	NULL	nan	nan
1220370120054198272	2020-01-23	15:38:04	en	NULL	nan	nan
1220370149447876608	2020-01-23	15:38:11	en	NULL	nan	nan
1220370631788843008	2020-01-23	15:40:06	en	NULL	nan	nan
1220371340613640192	2020-01-23	15:42:55	en	NULL	nan	nan
1220372083013758981	2020-01-23	15:45:52	en	NULL	nan	nan
1220372384999444485	2020-01-23	15:47:04	en	NULL	nan	nan
1220373139961663490	2020-01-23	15:50:04	en	NULL	nan	nan
1220373207078920198	2020-01-23	15:50:20	en	NULL	nan	nan
1220373974636318721	2020-01-23	15:53:23	en	NULL	nan	nan
1220374809311358978	2020-01-23	15:56:42	en	NULL	nan	nan
1220375178393399297	2020-01-23	15:58:10	en	NULL	nan	nan
1220375937562357766	2020-01-23	16:01:11	en	NULL	nan	nan
1220376084358631424	2020-01-23	16:01:46	en	NULL	nan	nan
1220376117921509376	2020-01-23	16:01:54	en	NULL	nan	nan
1220376449275834369	2020-01-23	16:03:13	en	NULL	nan	nan
1220376566699397120	2020-01-23	16:03:41	en	NULL	nan	nan
1220376658969944065	2020-01-23	16:04:03	en	NULL	nan	nan
1220377170683531265	2020-01-23	16:06:05	en	NULL	nan	nan
1220377288132497410	2020-01-23	16:06:33	en	NULL	nan	nan
1220377720137375744	2020-01-23	16:08:16	en	NULL	nan	nan
1220377791465697280	2020-01-23	16:08:33	en	NULL	nan	nan
1220378294765277184	2020-01-23	16:10:33	en	NULL	nan	nan
1220378538035089416	2020-01-23	16:11:31	en	NULL	nan	nan
1220379024578531330	2020-01-23	16:13:27	en	NULL	nan	nan
1220379171374784512	2020-01-23	16:14:02	en	NULL	nan	nan
1220379624380694528	2020-01-23	16:15:50	en	NULL	nan	nan
1220379699865473026	2020-01-23	16:16:08	en	NULL	nan	nan
1220380064749182978	2020-01-23	16:17:35	en	NULL	nan	nan
1220380605839331329	2020-01-23	16:19:44	en	NULL	nan	nan
1220381255927074816	2020-01-23	16:22:19	en	NULL	nan	nan
1220382275155611648	2020-01-23	16:26:22	en	NULL	nan	nan
1220382400997359621	2020-01-23	16:26:52	en	NULL	nan	nan
1220382635870117891	2020-01-23	16:27:48	en	NULL	nan	nan
1220384644933345281	2020-01-23	16:35:47	en	NULL	nan	nan
1220384930154369025	2020-01-23	16:36:55	en	NULL	nan	nan
1220385567675944960	2020-01-23	16:39:27	en	NULL	nan	nan
1220385685112266752	2020-01-23	16:39:55	en	NULL	nan	nan
1220386205231087616	2020-01-23	16:41:59	en	NULL	nan	nan
1220386431715160066	2020-01-23	16:42:53	en	NULL	nan	nan
1220386519808200704	2020-01-23	16:43:14	en	NULL	nan	nan
1220386997937639424	2020-01-23	16:45:08	en	NULL	nan	nan
1220387098609405952	2020-01-23	16:45:32	en	NULL	nan	nan
1220387459332177920	2020-01-23	16:46:58	en	NULL	nan	nan
1220387484489654274	2020-01-23	16:47:04	en	NULL	nan	nan
1220389095094046721	2020-01-23	16:53:28	en	NULL	nan	nan
1220389598406283264	2020-01-23	16:55:28	en	NULL	nan	nan
1220390542149849088	2020-01-23	16:59:13	en	NULL	nan	nan
1220390663759548417	2020-01-23	16:59:42	en	NULL	nan	nan
1220390873466310662	2020-01-23	17:00:32	en	NULL	nan	nan
1220391406159777794	2020-01-23	17:02:39	en	NULL	nan	nan
1220391955630178304	2020-01-23	17:04:50	en	NULL	nan	nan
1220391959824494595	2020-01-23	17:04:51	en	NULL	nan	nan
1220391997569150976	2020-01-23	17:05:00	en	NULL	nan	nan
1220392190494461953	2020-01-23	17:05:46	en	NULL	nan	nan
1220392387618324482	2020-01-23	17:06:33	en	NULL	nan	nan
1220392739965194242	2020-01-23	17:07:57	en	NULL	nan	nan
1220392756734058496	2020-01-23	17:08:01	en	NULL	nan	nan
1220393281030250496	2020-01-23	17:10:06	en	NULL	nan	nan
1220393352333615104	2020-01-23	17:10:23	en	NULL	nan	nan
1220393385888010240	2020-01-23	17:10:31	en	NULL	nan	nan
1220393847265681416	2020-01-23	17:12:21	en	NULL	nan	nan
1220393931113926656	2020-01-23	17:12:41	en	NULL	nan	nan
1220394623178289152	2020-01-23	17:15:26	en	NULL	nan	nan
1220394799364300800	2020-01-23	17:16:08	en	NULL	nan	nan
1220395512374931457	2020-01-23	17:18:58	en	NULL	nan	nan
1220396158310395904	2020-01-23	17:21:32	en	NULL	nan	nan
1220396594501226496	2020-01-23	17:23:16	en	NULL	nan	nan
1220396632245600257	2020-01-23	17:23:25	en	NULL	nan	nan
1220396665829412864	2020-01-23	17:23:33	en	NULL	nan	nan
1220397143975919616	2020-01-23	17:25:27	en	NULL	nan	nan
1220398423247085568	2020-01-23	17:30:32	en	NULL	nan	nan
1220398754588778496	2020-01-23	17:31:51	en	NULL	nan	nan
1220399123695882240	2020-01-23	17:33:19	en	NULL	nan	nan
1220399496976269312	2020-01-23	17:34:48	en	NULL	nan	nan
1220400184854708224	2020-01-23	17:37:32	en	NULL	nan	nan
1220400361011384320	2020-01-23	17:38:14	en	NULL	nan	nan
1220400465851994112	2020-01-23	17:38:39	en	NULL	nan	nan
1220400470067503115	2020-01-23	17:38:40	en	NULL	nan	nan
1220400503617654784	2020-01-23	17:38:48	en	NULL	nan	nan
1220400562308440064	2020-01-23	17:39:02	en	NULL	nan	nan
1220400793020297216	2020-01-23	17:39:57	en	NULL	nan	nan
1220400889497890816	2020-01-23	17:40:20	en	NULL	nan	nan
1220400990140162048	2020-01-23	17:40:44	en	NULL	nan	nan
1220401887729651713	2020-01-23	17:44:18	en	NULL	nan	nan
1220402596550250496	2020-01-23	17:47:07	en	NULL	nan	nan
1220402768541888513	2020-01-23	17:47:48	en	NULL	nan	nan
1220403200546820096	2020-01-23	17:49:31	en	NULL	nan	nan
1220403208948002817	2020-01-23	17:49:33	en	NULL	nan	nan
1220403489953718272	2020-01-23	17:50:40	en	NULL	nan	nan
1220404081329487873	2020-01-23	17:53:01	en	NULL	nan	nan
1220404458829467649	2020-01-23	17:54:31	en	NULL	nan	nan
1220405046040416256	2020-01-23	17:56:51	en	NULL	nan	nan
1220405192836825088	2020-01-23	17:57:26	en	NULL	nan	nan
1220405457078095873	2020-01-23	17:58:29	en	NULL	nan	nan
1220406014907801601	2020-01-23	18:00:42	en	NULL	nan	nan
1220406329514151936	2020-01-23	18:01:57	en	NULL	nan	nan
1220408120461201408	2020-01-23	18:09:04	en	NULL	nan	nan
1220408279848902656	2020-01-23	18:09:42	en	NULL	nan	nan
1220408644744941570	2020-01-23	18:11:09	en	NULL	nan	nan
1220409076783382528	2020-01-23	18:12:52	en	NULL	nan	nan
1220409210976030720	2020-01-23	18:13:24	en	NULL	nan	nan
1220409408125120512	2020-01-23	18:14:11	en	NULL	nan	nan
1220409647183618050	2020-01-23	18:15:08	en	NULL	nan	nan
1220410666391085058	2020-01-23	18:19:11	en	MY	nan	nan
1220410796410376192	2020-01-23	18:19:42	en	NULL	nan	nan
1220411035485601792	2020-01-23	18:20:39	en	NULL	nan	nan
1220411824035848192	2020-01-23	18:23:47	en	NULL	nan	nan
1220412251837878272	2020-01-23	18:25:29	en	NULL	nan	nan
1220413145241608192	2020-01-23	18:29:02	en	NULL	nan	nan
1220413510146035715	2020-01-23	18:30:29	en	NULL	nan	nan
1220413698877153281	2020-01-23	18:31:14	en	NULL	nan	nan
1220413698881347584	2020-01-23	18:31:14	en	NULL	nan	nan
1220413820532875265	2020-01-23	18:31:43	en	NULL	nan	nan
1220413942163558400	2020-01-23	18:32:12	en	NULL	nan	nan
1220413950556327938	2020-01-23	18:32:14	en	NULL	nan	nan
1220414281885286408	2020-01-23	18:33:33	en	NULL	nan	nan
1220415083005861888	2020-01-23	18:36:44	en	NULL	nan	nan
1220415905093517318	2020-01-23	18:40:00	en	NULL	nan	nan
1220417368918196227	2020-01-23	18:45:49	en	NULL	nan	nan
1220417821886373889	2020-01-23	18:47:37	en	NULL	nan	nan
1220417821894639616	2020-01-23	18:47:37	en	NULL	nan	nan
1220417943529558020	2020-01-23	18:48:06	en	NULL	nan	nan
1220418492983398402	2020-01-23	18:50:17	en	NULL	nan	nan
1220418912422178817	2020-01-23	18:51:57	en	NULL	nan	nan
1220419705128869896	2020-01-23	18:55:06	en	NULL	nan	nan
1220419705149804544	2020-01-23	18:55:06	en	NULL	nan	nan
1220419751278710784	2020-01-23	18:55:17	en	NULL	nan	nan
1220419793196605440	2020-01-23	18:55:27	en	NULL	nan	nan
1220420367816298496	2020-01-23	18:57:44	en	US	nan	nan
1220420497868980224	2020-01-23	18:58:15	en	NULL	nan	nan
1220420753700597763	2020-01-23	18:59:16	en	NULL	nan	nan
1220420770502991874	2020-01-23	18:59:20	en	NULL	nan	nan
1220421277996978176	2020-01-23	19:01:21	en	NULL	nan	nan
1220421286393982976	2020-01-23	19:01:23	en	NULL	nan	nan
1220421479327838209	2020-01-23	19:02:09	en	NULL	nan	nan
1220422372714565646	2020-01-23	19:05:42	en	NULL	nan	nan
1220422800516796417	2020-01-23	19:07:24	en	NULL	nan	nan
1220422951515906048	2020-01-23	19:08:00	en	NULL	nan	nan
1220423526131425280	2020-01-23	19:10:17	en	NULL	nan	nan
1220423610009051136	2020-01-23	19:10:37	en	NULL	nan	nan
1220423991715864578	2020-01-23	19:12:08	en	NULL	nan	nan
1220424193025761286	2020-01-23	19:12:56	en	NULL	nan	nan
1220424318863257600	2020-01-23	19:13:26	en	NULL	nan	nan
1220425082230710277	2020-01-23	19:16:28	en	NULL	nan	nan
1220425405196271617	2020-01-23	19:17:45	en	NULL	nan	nan
1220425820419829760	2020-01-23	19:19:24	en	NULL	nan	nan
1220426428610752512	2020-01-23	19:21:49	en	NULL	nan	nan
1220426449569665025	2020-01-23	19:21:54	en	NULL	nan	nan
1220426835433066501	2020-01-23	19:23:26	en	NULL	nan	nan
1220427217131528192	2020-01-23	19:24:57	en	NULL	nan	nan
1220427699480559616	2020-01-23	19:26:52	en	NULL	nan	nan
1220428114699812864	2020-01-23	19:28:31	en	NULL	nan	nan
1220428496377389057	2020-01-23	19:30:02	en	NULL	nan	nan
1220428534159679488	2020-01-23	19:30:11	en	NULL	nan	nan
1220429968578052097	2020-01-23	19:35:53	en	NULL	nan	nan
1220430530644148225	2020-01-23	19:38:07	en	NULL	nan	nan
1220431046510104579	2020-01-23	19:40:10	en	NULL	nan	nan
1220431591807172608	2020-01-23	19:42:20	en	NULL	nan	nan
1220432028002390018	2020-01-23	19:44:04	en	NULL	nan	nan
1220432480983035907	2020-01-23	19:45:52	en	NULL	nan	nan
1220432527128743937	2020-01-23	19:46:03	en	NULL	nan	nan
1220433936398069760	2020-01-23	19:51:39	en	NULL	nan	nan
1220434351659343872	2020-01-23	19:53:18	en	NULL	nan	nan
1220435316332474368	2020-01-23	19:57:08	en	NULL	nan	nan
1220435404421324800	2020-01-23	19:57:29	en	NULL	nan	nan
1220435412793135106	2020-01-23	19:57:31	en	NULL	nan	nan
1220435765102043142	2020-01-23	19:58:55	en	NULL	nan	nan
1220435794499899395	2020-01-23	19:59:02	en	NULL	nan	nan
1220435970627002368	2020-01-23	19:59:44	en	NULL	nan	nan
1220436083877588995	2020-01-23	20:00:11	en	NULL	nan	nan
1220436297812189191	2020-01-23	20:01:02	en	NULL	nan	nan
1220436536887517185	2020-01-23	20:01:59	en	NULL	nan	nan
1220437052770136064	2020-01-23	20:04:02	en	NULL	nan	nan
1220437073737502724	2020-01-23	20:04:07	en	NULL	nan	nan
1220437317007171585	2020-01-23	20:05:05	en	NULL	nan	nan
1220437619022213121	2020-01-23	20:06:17	en	NULL	nan	nan
1220438332032913408	2020-01-23	20:09:07	en	NULL	nan	nan
1220438449481748480	2020-01-23	20:09:35	en	NULL	nan	nan
1220438822766501892	2020-01-23	20:11:04	en	NULL	nan	nan
1220438822783213568	2020-01-23	20:11:04	en	NULL	nan	nan
1220438835349336065	2020-01-23	20:11:07	en	NULL	nan	nan
1220439699376025604	2020-01-23	20:14:33	en	NULL	nan	nan
1220440102037524481	2020-01-23	20:16:09	en	NULL	nan	nan
1220440320149721090	2020-01-23	20:17:01	en	NULL	nan	nan
1220440789907640320	2020-01-23	20:18:53	en	NULL	nan	nan
1220441452578332679	2020-01-23	20:21:31	en	NULL	nan	nan
1220441662293532680	2020-01-23	20:22:21	en	NULL	nan	nan
1220441972705583104	2020-01-23	20:23:35	en	NULL	nan	nan
1220442266294157312	2020-01-23	20:24:45	en	NULL	nan	nan
1220442597644230656	2020-01-23	20:26:04	en	NULL	nan	nan
1220442614417281027	2020-01-23	20:26:08	en	NULL	nan	nan
1220442626991763459	2020-01-23	20:26:11	en	NULL	nan	nan
1220443679766339590	2020-01-23	20:30:22	en	NULL	nan	nan
1220443952400293901	2020-01-23	20:31:27	en	NULL	nan	nan
1220443956598779905	2020-01-23	20:31:28	en	NULL	nan	nan
1220444099200921601	2020-01-23	20:32:02	en	NULL	nan	nan
1220444237629665280	2020-01-23	20:32:35	en	NULL	0.0	0.0
1220444799666479111	2020-01-23	20:34:49	en	NULL	0.0	0.0
1220445252630216705	2020-01-23	20:36:37	en	NULL	0.13636363636363635	0.45454545454545453
1220445516883992576	2020-01-23	20:37:40	en	NULL	0.0	0.0
1220446406055550990	2020-01-23	20:41:12	en	NULL	0.06818181818181818	0.22727272727272727
1220446615783251973	2020-01-23	20:42:02	en	NULL	-0.125	0.75
1220446678697816071	2020-01-23	20:42:17	en	NULL	0.0	0.0
1220447597250387969	2020-01-23	20:45:56	en	NULL	nan	nan
1220448071227793423	2020-01-23	20:47:49	en	NULL	0.3181818181818182	0.6772727272727272
1220450042550669312	2020-01-23	20:55:39	en	NULL	-0.125	0.375
1220450436811018243	2020-01-23	20:57:13	en	NULL	0.0	0.0
1220450566805114880	2020-01-23	20:57:44	en	NULL	0.0	0.0
1220450642331951114	2020-01-23	20:58:02	en	NULL	0.5	0.9
1220452932396756993	2020-01-23	21:07:08	en	NULL	0.05	0.15
1220453146297802752	2020-01-23	21:07:59	en	NULL	nan	nan
1220453351822974981	2020-01-23	21:08:48	en	NULL	0.0	0.0
1220454547216355329	2020-01-23	21:13:33	en	NULL	nan	nan
1220454639486763009	2020-01-23	21:13:55	en	NULL	0.35	0.8
1220454861780803596	2020-01-23	21:14:48	en	NULL	0.19999999999999998	0.5333333333333333
1220454941464190979	2020-01-23	21:15:07	en	NULL	0.0	0.0
1220454945679466511	2020-01-23	21:15:08	en	NULL	-0.3625	0.5875
1220455260260642816	2020-01-23	21:16:23	en	NULL	0.0	0.0
1220456438851678208	2020-01-23	21:21:04	en	NULL	-0.44999999999999996	0.75
1220456862480588814	2020-01-23	21:22:45	en	NULL	0.3916666666666666	0.5750000000000001
1220456925374091264	2020-01-23	21:23:00	en	NULL	0.08333333333333333	0.4527777777777778
1220457021855752223	2020-01-23	21:23:23	en	NULL	0.0	0.0
1220458640836104193	2020-01-23	21:29:49	en	NULL	0.0	0.0
1220459328714563587	2020-01-23	21:32:33	en	NULL	0.0	1.0
1220459341310058503	2020-01-23	21:32:36	en	NULL	0.25	0.95
1220459400038703112	2020-01-23	21:32:50	en	NULL	nan	nan
1220459626510147597	2020-01-23	21:33:44	en	NULL	0.0	0.0
1220459815241166849	2020-01-23	21:34:29	en	NULL	nan	nan
1220459823646609409	2020-01-23	21:34:31	en	NULL	0.0	0.8125
1220460045932158989	2020-01-23	21:35:24	en	NULL	0.0	0.0
1220460494735269912	2020-01-23	21:37:11	en	NULL	0.0	0.0
1220460670896037908	2020-01-23	21:37:53	en	NULL	0.0	0.0
1220461841098379264	2020-01-23	21:42:32	en	NULL	-0.2	0.0
1220462315063119873	2020-01-23	21:44:25	en	NULL	nan	nan
1220462424115023872	2020-01-23	21:44:51	en	NULL	nan	nan
1220462847727210497	2020-01-23	21:46:32	en	NULL	0.0	0.0
1220463032284909573	2020-01-23	21:47:16	en	NULL	nan	nan
1220464001164943364	2020-01-23	21:51:07	en	NULL	0.13636363636363635	0.45454545454545453
1220465188144590850	2020-01-23	21:55:50	en	NULL	0.0	0.0
1220465372714893314	2020-01-23	21:56:34	en	US	0.0	0.0
1220465569834643465	2020-01-23	21:57:21	en	NULL	nan	nan
1220465980880670720	2020-01-23	21:58:59	en	NULL	0.0	0.0
1220466291280052225	2020-01-23	22:00:13	en	NULL	-0.625	1.0
1220466488408264711	2020-01-23	22:01:00	en	NULL	-0.1	0.1
1220468568791212032	2020-01-23	22:09:16	en	NULL	0.0	0.0
1220468661061730304	2020-01-23	22:09:38	en	NULL	0.2	0.2
1220468858169020416	2020-01-23	22:10:25	en	NULL	nan	nan
